-- Insert 100 sample records vào bảng MyCustomers
INSERT INTO MyCustomers
  (FullName, Email, Country, Gender, DoB)
VALUES
  ('Nguyen Van An', 'nguyenvanan@gmail.com', 'Vietnam', 'Male', '1990-01-15'),
  ('Tran Thi Binh', 'tranthib@yahoo.com', 'Vietnam', 'Female', '1992-03-22'),
  ('Le Hoang Cuong', 'lehoangcuong@outlook.com', 'Vietnam', 'Male', '1988-07-10'),
  ('Pham Thi Dung', 'phamthidung@gmail.com', 'Vietnam', 'Female', '1995-11-08'),
  ('Hoang Van Em', 'hoangvanem@hotmail.com', 'Vietnam', 'Male', '1987-05-25'),
  ('Vo Thi Fang', 'vothifang@gmail.com', 'Vietnam', 'Female', '1993-09-12'),
  ('Dang Van Giang', 'dangvangiang@yahoo.com', 'Vietnam', 'Male', '1991-02-18'),
  ('Bui Thi Hoa', 'buithihoa@gmail.com', 'Vietnam', 'Female', '1989-06-30'),
  ('Ngo Van Inh', 'ngovanin@outlook.com', 'Vietnam', 'Male', '1994-12-05'),
  ('Do Thi Khanh', 'dothikhanh@gmail.com', 'Vietnam', 'Female', '1990-08-14'),
  ('John Smith', 'john.smith@gmail.com', 'USA', 'Male', '1985-04-12'),
  ('Emily Johnson', 'emily.johnson@yahoo.com', 'USA', 'Female', '1992-07-23'),
  ('Michael Brown', 'michael.brown@outlook.com', 'USA', 'Male', '1988-11-30'),
  ('Sarah Davis', 'sarah.davis@gmail.com', 'USA', 'Female', '1995-02-14'),
  ('David Wilson', 'david.wilson@hotmail.com', 'USA', 'Male', '1987-09-08'),
  ('Jessica Martinez', 'jessica.martinez@gmail.com', 'USA', 'Female', '1993-05-19'),
  ('James Anderson', 'james.anderson@yahoo.com', 'USA', 'Male', '1991-01-27'),
  ('Ashley Taylor', 'ashley.taylor@gmail.com', 'USA', 'Female', '1989-10-16'),
  ('Christopher Thomas', 'chris.thomas@outlook.com', 'USA', 'Male', '1994-06-03'),
  ('Amanda Jackson', 'amanda.jackson@gmail.com', 'USA', 'Female', '1990-12-22'),
  ('Yuki Tanaka', 'yuki.tanaka@gmail.com', 'Japan', 'Female', '1991-03-15'),
  ('Hiroshi Sato', 'hiroshi.sato@yahoo.co.jp', 'Japan', 'Male', '1988-08-20'),
  ('Sakura Yamamoto', 'sakura.yamamoto@gmail.com', 'Japan', 'Female', '1993-11-07'),
  ('Takeshi Nakamura', 'takeshi.nakamura@outlook.jp', 'Japan', 'Male', '1987-04-25'),
  ('Aiko Suzuki', 'aiko.suzuki@gmail.com', 'Japan', 'Female', '1995-09-12'),
  ('Kim Min-jun', 'kim.minjun@naver.com', 'South Korea', 'Male', '1990-05-18'),
  ('Park Ji-woo', 'park.jiwoo@gmail.com', 'South Korea', 'Female', '1992-10-30'),
  ('Lee Sung-ho', 'lee.sungho@daum.net', 'South Korea', 'Male', '1989-02-08'),
  ('Choi Hye-jin', 'choi.hyejin@naver.com', 'South Korea', 'Female', '1994-07-22'),
  ('Jung Tae-yang', 'jung.taeyang@gmail.com', 'South Korea', 'Male', '1991-12-14'),
  ('Hans Mueller', 'hans.mueller@gmail.com', 'Germany', 'Male', '1986-06-10'),
  ('Anna Schmidt', 'anna.schmidt@web.de', 'Germany', 'Female', '1993-01-28'),
  ('Klaus Weber', 'klaus.weber@gmx.de', 'Germany', 'Male', '1990-09-05'),
  ('Petra Fischer', 'petra.fischer@gmail.com', 'Germany', 'Female', '1988-04-17'),
  ('Wolfgang Becker', 'wolfgang.becker@outlook.de', 'Germany', 'Male', '1995-11-23'),
  ('Pierre Dubois', 'pierre.dubois@gmail.com', 'France', 'Male', '1989-03-12'),
  ('Marie Laurent', 'marie.laurent@yahoo.fr', 'France', 'Female', '1992-08-25'),
  ('Jean Bernard', 'jean.bernard@outlook.fr', 'France', 'Male', '1987-12-30'),
  ('Sophie Martin', 'sophie.martin@gmail.com', 'France', 'Female', '1994-05-14'),
  ('Luc Moreau', 'luc.moreau@hotmail.fr', 'France', 'Male', '1991-10-08'),
  ('Marco Rossi', 'marco.rossi@gmail.com', 'Italy', 'Male', '1990-02-20'),
  ('Giulia Ferrari', 'giulia.ferrari@yahoo.it', 'Italy', 'Female', '1993-07-15'),
  ('Alessandro Russo', 'alessandro.russo@outlook.it', 'Italy', 'Male', '1988-11-28'),
  ('Francesca Romano', 'francesca.romano@gmail.com', 'Italy', 'Female', '1995-04-05'),
  ('Matteo Esposito', 'matteo.esposito@libero.it', 'Italy', 'Male', '1989-09-18'),
  ('Wang Wei', 'wang.wei@qq.com', 'China', 'Male', '1991-01-10'),
  ('Li Na', 'li.na@163.com', 'China', 'Female', '1994-06-22'),
  ('Zhang Qiang', 'zhang.qiang@gmail.com', 'China', 'Male', '1987-10-15'),
  ('Liu Fang', 'liu.fang@sina.com', 'China', 'Female', '1992-03-28'),
  ('Chen Ming', 'chen.ming@qq.com', 'China', 'Male', '1990-08-07'),
  ('Somchai Pattana', 'somchai.p@gmail.com', 'Thailand', 'Male', '1989-12-12'),
  ('Siriporn Rattana', 'siriporn.r@yahoo.com', 'Thailand', 'Female', '1993-05-25'),
  ('Prayut Tanaka', 'prayut.t@outlook.com', 'Thailand', 'Male', '1991-09-30'),
  ('Nattaya Sombat', 'nattaya.s@gmail.com', 'Thailand', 'Female', '1988-02-14'),
  ('Wichai Niran', 'wichai.n@hotmail.com', 'Thailand', 'Male', '1995-07-20'),
  ('Budi Santoso', 'budi.santoso@gmail.com', 'Indonesia', 'Male', '1990-04-08'),
  ('Siti Rahayu', 'siti.rahayu@yahoo.co.id', 'Indonesia', 'Female', '1992-11-16'),
  ('Ahmad Wijaya', 'ahmad.wijaya@outlook.com', 'Indonesia', 'Male', '1989-06-25'),
  ('Dewi Lestari', 'dewi.lestari@gmail.com', 'Indonesia', 'Female', '1994-01-30'),
  ('Agus Pramono', 'agus.pramono@hotmail.com', 'Indonesia', 'Male', '1991-08-12'),
  ('Carlos Silva', 'carlos.silva@gmail.com', 'Brazil', 'Male', '1988-03-18'),
  ('Ana Santos', 'ana.santos@yahoo.com.br', 'Brazil', 'Female', '1993-10-22'),
  ('Jose Oliveira', 'jose.oliveira@outlook.com', 'Brazil', 'Male', '1990-05-07'),
  ('Maria Costa', 'maria.costa@gmail.com', 'Brazil', 'Female', '1987-12-14'),
  ('Pedro Souza', 'pedro.souza@hotmail.com', 'Brazil', 'Male', '1995-07-28'),
  ('Juan Garcia', 'juan.garcia@gmail.com', 'Spain', 'Male', '1991-02-10'),
  ('Carmen Rodriguez', 'carmen.rodriguez@yahoo.es', 'Spain', 'Female', '1994-09-05'),
  ('Miguel Lopez', 'miguel.lopez@outlook.es', 'Spain', 'Male', '1989-04-20'),
  ('Isabel Martinez', 'isabel.martinez@gmail.com', 'Spain', 'Female', '1992-11-12'),
  ('Antonio Sanchez', 'antonio.sanchez@hotmail.es', 'Spain', 'Male', '1988-06-25'),
  ('Oliver Brown', 'oliver.brown@gmail.com', 'UK', 'Male', '1990-08-15'),
  ('Emma Wilson', 'emma.wilson@yahoo.co.uk', 'UK', 'Female', '1993-03-22'),
  ('Harry Taylor', 'harry.taylor@outlook.com', 'UK', 'Male', '1987-10-30'),
  ('Olivia Davies', 'olivia.davies@gmail.com', 'UK', 'Female', '1995-05-08'),
  ('Jack Evans', 'jack.evans@hotmail.co.uk', 'UK', 'Male', '1991-12-18'),
  ('Liam Murphy', 'liam.murphy@gmail.com', 'Ireland', 'Male', '1989-01-25'),
  ('Aoife Kelly', 'aoife.kelly@yahoo.ie', 'Ireland', 'Female', '1994-08-12'),
  ('Connor Walsh', 'connor.walsh@outlook.com', 'Ireland', 'Male', '1992-04-05'),
  ('Saoirse OBrien', 'saoirse.obrien@gmail.com', 'Ireland', 'Female', '1988-11-20'),
  ('Cian Ryan', 'cian.ryan@hotmail.com', 'Ireland', 'Male', '1990-06-15'),
  ('Lars Andersson', 'lars.andersson@gmail.com', 'Sweden', 'Male', '1991-09-08'),
  ('Emma Johansson', 'emma.johansson@yahoo.se', 'Sweden', 'Female', '1993-02-18'),
  ('Erik Karlsson', 'erik.karlsson@outlook.com', 'Sweden', 'Male', '1989-07-25'),
  ('Anna Nilsson', 'anna.nilsson@gmail.com', 'Sweden', 'Female', '1995-12-30'),
  ('Oscar Larsson', 'oscar.larsson@hotmail.se', 'Sweden', 'Male', '1988-05-14'),
  ('Mohammed Al-Rashid', 'mohammed.rashid@gmail.com', 'Saudi Arabia', 'Male', '1990-03-10'),
  ('Fatima Al-Mansour', 'fatima.mansour@yahoo.com', 'Saudi Arabia', 'Female', '1992-10-22'),
  ('Ahmed Al-Qahtani', 'ahmed.qahtani@outlook.com', 'Saudi Arabia', 'Male', '1987-06-15'),
  ('Layla Al-Dosari', 'layla.dosari@gmail.com', 'Saudi Arabia', 'Female', '1994-01-28'),
  ('Khalid Al-Otaibi', 'khalid.otaibi@hotmail.com', 'Saudi Arabia', 'Male', '1991-08-05'),
  ('Raj Kumar', 'raj.kumar@gmail.com', 'India', 'Male', '1989-11-12'),
  ('Priya Sharma', 'priya.sharma@yahoo.in', 'India', 'Female', '1993-04-25'),
  ('Amit Patel', 'amit.patel@outlook.com', 'India', 'Male', '1990-09-30'),
  ('Neha Singh', 'neha.singh@gmail.com', 'India', 'Female', '1988-02-14'),
  ('Vijay Reddy', 'vijay.reddy@hotmail.com', 'India', 'Male', '1995-07-08'),
  ('Noah Martin', 'noah.martin@gmail.com', 'Canada', 'Male', '1992-05-20'),
  ('Emma Thompson', 'emma.thompson@yahoo.ca', 'Canada', 'Female', '1990-12-10'),
  ('Liam Anderson', 'liam.anderson@outlook.com', 'Canada', 'Male', '1988-08-25');
